{
    "dimensions": [
        {
            "id": "contextual",
            "name": "Contextual",
            "default_analysis_weighting": 0.333333,
            "analysis_weighting": 0.333333,
            "description": "The Contextual Dimension refers to the laws and policies that shape workplace gender discrimination, financial autonomy, and overall gender empowerment. Although this dimension may vary between countries due to differences in legal frameworks, it remains consistent within a single country, as national policies and regulations are typically applied uniformly across countries.",
            "factors": [
                {
                    "id": "workplace_discrimination",
                    "name": "Workplace Discrimination",
                    "default_dimension_weighting": 0.333333,
                    "dimension_weighting": 0.333333,
                    "indicators": [
                        {
                            "indicator": "WBL 2024 Workplace Index Score",
                            "id": "Workplace_Index",
                            "description": "",
                            "default_factor_weighting": 1.0,
                            "factor_weighting": 1.0,
                            "default_index_score": 0,
                            "index_score": 100,
                            "use_default_index_score": 1,
                            "default_multi_buffer_distances": "0,0,0",
                            "use_multi_buffer_point": 0,
                            "default_single_buffer_distance": 0,
                            "use_single_buffer_point": 0,
                            "use_classify_polygon_into_classes": 0,
                            "use_classify_safety_polygon_into_classes": "",
                            "use_csv_to_point_layer": 0,
                            "use_polygon_per_cell": 0,
                            "use_polyline_per_cell": 0,
                            "use_point_per_cell": 0,
                            "use_nighttime_lights": 0,
                            "use_environmental_hazards": 0,
                            "use_street_lights": 0,
                            "analysis_mode": "Do Not Use"
                        }
                    ],
                    "description": "Workplace Discrimination involves laws that address gender biases and stereotypes that hinder women's career advancement, especially in male-dominated fields."
                },
                {
                    "id": "regulatory_frameworks",
                    "name": "Regulatory Frameworks",
                    "default_dimension_weighting": 0.3333333,
                    "dimension_weighting": 0.3333333,
                    "indicators": [
                        {
                            "indicator": "Average value of WBL Pay Score and Parenthood Index Score",
                            "id": "Pay_Parenthood_Index",
                            "description": "",
                            "default_factor_weighting": 1.0,
                            "factor_weighting": 1.0,
                            "default_index_score": 0,
                            "index_score": 100,
                            "use_default_index_score": 1,
                            "default_multi_buffer_distances": "0,0,0",
                            "use_multi_buffer_point": 0,
                            "default_single_buffer_distance": 0,
                            "use_single_buffer_point": 0,
                            "use_classify_polygon_into_classes": 0,
                            "use_classify_safety_polygon_into_classes": "",
                            "use_csv_to_point_layer": 0,
                            "use_polygon_per_cell": 0,
                            "use_polyline_per_cell": 0,
                            "use_point_per_cell": 0,
                            "use_nighttime_lights": 0,
                            "use_environmental_hazards": 0,
                            "use_street_lights": 0,
                            "analysis_mode": "Do Not Use"
                        }
                    ],
                    "description": "Regulatory Frameworks pertain to laws and policies that protect women\u2019s employment rights, such as childcare support and parental leave, influencing their workforce participation"
                },
                {
                    "id": "financial_inclusion",
                    "name": "Financial Inclusion",
                    "default_dimension_weighting": 0.333333,
                    "dimension_weighting": 0.333333,
                    "indicators": [
                        {
                            "indicator": "WBL 2024 Entrepeneurship Index Score",
                            "id": "Entrepeneurship_Index",
                            "description": "",
                            "default_factor_weighting": 1.0,
                            "factor_weighting": 1.0,
                            "default_index_score": 0,
                            "index_score": 100,
                            "use_default_index_score": 1,
                            "default_multi_buffer_distances": "0,0,0",
                            "use_multi_buffer_point": 0,
                            "default_single_buffer_distance": 0,
                            "use_single_buffer_point": 0,
                            "use_classify_polygon_into_classes": 0,
                            "use_classify_safety_polygon_into_classes": "",
                            "use_csv_to_point_layer": 0,
                            "use_polygon_per_cell": 0,
                            "use_polyline_per_cell": 0,
                            "use_point_per_cell": 0,
                            "use_nighttime_lights": 0,
                            "use_environmental_hazards": 0,
                            "use_street_lights": 0,
                            "analysis_mode": "Do Not Use"
                        }
                    ],
                    "description": "Financial Inclusion involves laws concerning women\u2019s access to financial resources like loans and credit, which is crucial for starting businesses and investing in economic opportunities."
                }
            ]
        },
        {
            "id": "accessibility",
            "name": "Accessibility",
            "default_analysis_weighting": 0.33333,
            "analysis_weighting": 0.33333,
            "description": "The Accessibility Dimension evaluates women\u2019s daily mobility by examining their access to essential services. Levels of enablement for work access in this dimension are determined by service areas, which represent the geographic zones that facilities like childcare, supermarkets, universities, banks, and clinics can serve based on proximity. The nearer these facilities are to where women live, the more supportive and enabling the environment becomes for their participation in the workforce.",
            "factors": [
                {
                    "id": "women_s_travel_patterns",
                    "name": "Women's Travel Patterns",
                    "default_dimension_weighting": 0.2,
                    "dimension_weighting": 0.2,
                    "indicators": [
                        {
                            "indicator": "Location of kindergartens/childcare",
                            "id": "Kindergartens_Location",
                            "description": "",
                            "default_factor_weighting": 0.2,
                            "factor_weighting": 0.2,
                            "default_index_score": 0,
                            "index_score": 0,
                            "use_default_index_score": 0,
                            "default_multi_buffer_distances": "250, 500, 750, 1000, 1250",
                            "use_multi_buffer_point": 1,
                            "default_single_buffer_distance": 0,
                            "use_single_buffer_point": 0,
                            "use_classify_polygon_into_classes": 0,
                            "use_classify_safety_polygon_into_classes": "",
                            "use_csv_to_point_layer": 0,
                            "use_polygon_per_cell": 0,
                            "use_polyline_per_cell": 0,
                            "use_point_per_cell": 0,
                            "use_nighttime_lights": 0,
                            "use_environmental_hazards": 0,
                            "use_street_lights": 0,
                            "analysis_mode": "Do Not Use"
                        },
                        {
                            "indicator": "Location of primary schools",
                            "id": "Primary_School_Location",
                            "description": "",
                            "default_factor_weighting": 0.2,
                            "factor_weighting": 0.2,
                            "default_index_score": 0,
                            "index_score": 0,
                            "use_default_index_score": 0,
                            "default_multi_buffer_distances": "250, 500, 750, 1000, 1250",
                            "use_multi_buffer_point": 1,
                            "default_single_buffer_distance": 0,
                            "use_single_buffer_point": 0,
                            "use_classify_polygon_into_classes": 0,
                            "use_classify_safety_polygon_into_classes": "",
                            "use_csv_to_point_layer": 0,
                            "use_polygon_per_cell": 0,
                            "use_polyline_per_cell": 0,
                            "use_point_per_cell": 0,
                            "use_nighttime_lights": 0,
                            "use_environmental_hazards": 0,
                            "use_street_lights": 0,
                            "analysis_mode": "Do Not Use"
                        },
                        {
                            "indicator": "Location of groceries",
                            "id": "Groceries_Location",
                            "description": "",
                            "default_factor_weighting": 0.2,
                            "factor_weighting": 0.2,
                            "default_index_score": 0,
                            "index_score": 0,
                            "use_default_index_score": 0,
                            "default_multi_buffer_distances": "250, 500, 750, 1000, 1250",
                            "use_multi_buffer_point": 1,
                            "default_single_buffer_distance": 0,
                            "use_single_buffer_point": 0,
                            "use_classify_polygon_into_classes": 0,
                            "use_classify_safety_polygon_into_classes": 0.0,
                            "use_csv_to_point_layer": 0,
                            "use_polygon_per_cell": 0,
                            "use_polyline_per_cell": 0,
                            "use_point_per_cell": 0,
                            "use_nighttime_lights": 0,
                            "use_environmental_hazards": 0,
                            "use_street_lights": 0,
                            "analysis_mode": "Do Not Use"
                        },
                        {
                            "indicator": "Location of pharmacies",
                            "id": "Pharmacies_Location",
                            "description": "",
                            "default_factor_weighting": 0.2,
                            "factor_weighting": 0.2,
                            "default_index_score": 0,
                            "index_score": 0,
                            "use_default_index_score": 0,
                            "default_multi_buffer_distances": "250, 500, 750, 1000, 1250",
                            "use_multi_buffer_point": 1,
                            "default_single_buffer_distance": 0,
                            "use_single_buffer_point": 0,
                            "use_classify_polygon_into_classes": 0,
                            "use_classify_safety_polygon_into_classes": 0.0,
                            "use_csv_to_point_layer": 0,
                            "use_polygon_per_cell": 0,
                            "use_polyline_per_cell": 0,
                            "use_point_per_cell": 0,
                            "use_nighttime_lights": 0,
                            "use_environmental_hazards": 0,
                            "use_street_lights": 0,
                            "analysis_mode": "Do Not Use"
                        },
                        {
                            "indicator": "Location of green spaces",
                            "id": "Green_Space_location",
                            "description": "",
                            "default_factor_weighting": 0.2,
                            "factor_weighting": 0.2,
                            "default_index_score": 0,
                            "index_score": 0,
                            "use_default_index_score": 0,
                            "default_multi_buffer_distances": "250, 500, 750, 1000, 1250",
                            "use_multi_buffer_point": 1,
                            "default_single_buffer_distance": 0,
                            "use_single_buffer_point": 0,
                            "use_classify_polygon_into_classes": 0,
                            "use_classify_safety_polygon_into_classes": 0.0,
                            "use_csv_to_point_layer": 0,
                            "use_polygon_per_cell": 0,
                            "use_polyline_per_cell": 0,
                            "use_point_per_cell": 0,
                            "use_nighttime_lights": 0,
                            "use_environmental_hazards": 0,
                            "use_street_lights": 0,
                            "analysis_mode": "Do Not Use"
                        }
                    ],
                    "description": "Women\u2019s Travel Patterns (WTP) refer to the unique travel behaviors of women, often involving multiple stops for household or caregiving tasks, making proximity to essential services like markets, supermarkets, childcare centers, primary schools, pharmacies, and green spaces crucial."
                },
                {
                    "id": "access_to_public_transport",
                    "name": "Access to Public Transport",
                    "default_dimension_weighting": 0.2,
                    "dimension_weighting": 0.2,
                    "indicators": [
                        {
                            "indicator": "Location of public transportation stops, including maritime",
                            "id": "Pulic_Transport_location",
                            "description": "",
                            "default_factor_weighting": 1.0,
                            "factor_weighting": 1.0,
                            "default_index_score": 0,
                            "index_score": 0,
                            "use_default_index_score": 0,
                            "default_multi_buffer_distances": "250, 500, 750, 1000, 1250",
                            "use_multi_buffer_point": 1,
                            "default_single_buffer_distance": 0,
                            "use_single_buffer_point": 0,
                            "use_classify_polygon_into_classes": 0,
                            "use_classify_safety_polygon_into_classes": 0.0,
                            "use_csv_to_point_layer": 0,
                            "use_polygon_per_cell": 0,
                            "use_polyline_per_cell": 0,
                            "use_point_per_cell": 0,
                            "use_nighttime_lights": 0,
                            "use_environmental_hazards": 0,
                            "use_street_lights": 0,
                            "analysis_mode": "Do Not Use"
                        }
                    ],
                    "description": "Access to Public Transport focuses on the availability and proximity of public transportation stops, which is crucial for women, especially those who rely on buses, trains, or trams to access jobs, education, and essential services."
                },
                {
                    "id": "access_to_health_facilities",
                    "name": "Access to Health Facilities",
                    "default_dimension_weighting": 0.2,
                    "dimension_weighting": 0.2,
                    "indicators": [
                        {
                            "indicator": "Location of hospitals and clinics",
                            "id": "Hospital_Location",
                            "description": "",
                            "default_factor_weighting": 1.0,
                            "factor_weighting": 1.0,
                            "default_index_score": 0,
                            "index_score": 0,
                            "use_default_index_score": 0,
                            "default_multi_buffer_distances": "250, 500, 750, 1000, 1250",
                            "use_multi_buffer_point": 1,
                            "default_single_buffer_distance": 0,
                            "use_single_buffer_point": 0,
                            "use_classify_polygon_into_classes": 0,
                            "use_classify_safety_polygon_into_classes": 0.0,
                            "use_csv_to_point_layer": 0,
                            "use_polygon_per_cell": 0,
                            "use_polyline_per_cell": 0,
                            "use_point_per_cell": 0,
                            "use_nighttime_lights": 0,
                            "use_environmental_hazards": 0,
                            "use_street_lights": 0,
                            "analysis_mode": "Do Not Use"
                        }
                    ],
                    "description": "Access to Health Facilities evaluates how easily women can reach healthcare services in terms of distance, impacting their well-being and ability to participate in the workforce."
                },
                {
                    "id": "access_to_education_and_training_facilities",
                    "name": "Access to Education and Training Facilities",
                    "default_dimension_weighting": 0.2,
                    "dimension_weighting": 0.2,
                    "indicators": [
                        {
                            "indicator": "Location of universities and technical schools",
                            "id": "Universities_Location",
                            "description": "",
                            "default_factor_weighting": 1.0,
                            "factor_weighting": 1.0,
                            "default_index_score": 0,
                            "index_score": 0,
                            "use_default_index_score": 0,
                            "default_multi_buffer_distances": "250, 500, 750, 1000, 1250",
                            "use_multi_buffer_point": 1,
                            "default_single_buffer_distance": 0,
                            "use_single_buffer_point": 0,
                            "use_classify_polygon_into_classes": 0,
                            "use_classify_safety_polygon_into_classes": 0.0,
                            "use_csv_to_point_layer": 0,
                            "use_polygon_per_cell": 0,
                            "use_polyline_per_cell": 0,
                            "use_point_per_cell": 0,
                            "use_nighttime_lights": 0,
                            "use_environmental_hazards": 0,
                            "use_street_lights": 0,
                            "analysis_mode": "Do Not Use"
                        }
                    ],
                    "description": "Access to Education and Training Facilities assesses the proximity to higher education institutions and training centers, influencing women's ability to gain necessary qualifications."
                },
                {
                    "id": "access_to_financial_facilities",
                    "name": "Access to Financial Facilities",
                    "default_dimension_weighting": 0.2,
                    "dimension_weighting": 0.2,
                    "indicators": [
                        {
                            "indicator": "Location of Banks and other FF",
                            "id": "Banks_Location",
                            "description": "",
                            "default_factor_weighting": 1.0,
                            "factor_weighting": 1.0,
                            "default_index_score": 0,
                            "index_score": 0,
                            "use_default_index_score": 0,
                            "default_multi_buffer_distances": "250, 500, 750, 1000, 1250",
                            "use_multi_buffer_point": 1,
                            "default_single_buffer_distance": 0,
                            "use_single_buffer_point": 0,
                            "use_classify_polygon_into_classes": 0,
                            "use_classify_safety_polygon_into_classes": 0.0,
                            "use_csv_to_point_layer": 0,
                            "use_polygon_per_cell": 0,
                            "use_polyline_per_cell": 0,
                            "use_point_per_cell": 0,
                            "use_nighttime_lights": 0,
                            "use_environmental_hazards": 0,
                            "use_street_lights": 0,
                            "analysis_mode": "Do Not Use"
                        }
                    ],
                    "description": "Access to Financial Facilities focuses on the proximity of banks and financial institutions, which is essential for women\u2019s economic empowerment and ability to access credit."
                }
            ]
        },
        {
            "id": "place_characterization",
            "name": "Place Characterization",
            "default_analysis_weighting": 0.333333,
            "analysis_weighting": 0.333333,
            "description": "The Place-Characterization Dimension refers to the social, environmental, and infrastructural attributes of geographical locations, such as walkability, safety, and vulnerability to natural hazards. Unlike the Accessibility Dimension, these factors do not involve mobility but focus on the inherent characteristics of a place that influence women\u2019s ability to participate in the workforce.",
            "factors": [
                {
                    "id": "active_transport",
                    "name": "Active Transport",
                    "default_dimension_weighting": 0.142857142857143,
                    "dimension_weighting": 0.142857142857143,
                    "indicators": [
                        {
                            "indicator": "Location of street crossings",
                            "id": "Street_Crossing_Location",
                            "description": "",
                            "default_factor_weighting": 0.25,
                            "factor_weighting": 0.25,
                            "default_index_score": 0,
                            "index_score": 0,
                            "use_default_index_score": 0,
                            "default_multi_buffer_distances": "0,0,0",
                            "use_multi_buffer_point": 0,
                            "default_single_buffer_distance": 0,
                            "use_single_buffer_point": 0,
                            "use_classify_polygon_into_classes": 0,
                            "use_classify_safety_polygon_into_classes": 0.0,
                            "use_csv_to_point_layer": 0,
                            "use_polygon_per_cell": 0,
                            "use_polyline_per_cell": 0,
                            "use_point_per_cell": 1,
                            "use_nighttime_lights": 0,
                            "use_environmental_hazards": 0,
                            "use_street_lights": 0,
                            "analysis_mode": "Do Not Use"
                        },
                        {
                            "indicator": "Location of cycle paths",
                            "id": "Cycle_Paths_Location",
                            "description": "",
                            "default_factor_weighting": 0.25,
                            "factor_weighting": 0.25,
                            "default_index_score": 0,
                            "index_score": 0,
                            "use_default_index_score": 0,
                            "default_multi_buffer_distances": "0,0,0",
                            "use_multi_buffer_point": 0,
                            "default_single_buffer_distance": 0,
                            "use_single_buffer_point": 0,
                            "use_classify_polygon_into_classes": 0,
                            "use_classify_safety_polygon_into_classes": 0.0,
                            "use_csv_to_point_layer": 0,
                            "use_polygon_per_cell": 0,
                            "use_polyline_per_cell": 1,
                            "use_point_per_cell": 0,
                            "use_nighttime_lights": 0,
                            "use_environmental_hazards": 0,
                            "use_street_lights": 0,
                            "analysis_mode": "Do Not Use"
                        },
                        {
                            "indicator": "Location of footpaths",
                            "id": "Footpaths_Location",
                            "description": "",
                            "default_factor_weighting": 0.25,
                            "factor_weighting": 0.25,
                            "default_index_score": 0,
                            "index_score": 0,
                            "use_default_index_score": 0,
                            "default_multi_buffer_distances": "0,0,0",
                            "use_multi_buffer_point": 0,
                            "default_single_buffer_distance": 0,
                            "use_single_buffer_point": 0,
                            "use_classify_polygon_into_classes": 0,
                            "use_classify_safety_polygon_into_classes": 0.0,
                            "use_csv_to_point_layer": 0,
                            "use_polygon_per_cell": 0,
                            "use_polyline_per_cell": 1,
                            "use_point_per_cell": 0,
                            "use_nighttime_lights": 0,
                            "use_environmental_hazards": 0,
                            "use_street_lights": 0,
                            "analysis_mode": "Do Not Use"
                        },
                        {
                            "indicator": "Block Layout",
                            "id": "Block_Layout",
                            "description": "",
                            "default_factor_weighting": 0.25,
                            "factor_weighting": 0.25,
                            "default_index_score": 0,
                            "index_score": 0,
                            "use_default_index_score": 0,
                            "default_multi_buffer_distances": "0,0,0",
                            "use_multi_buffer_point": 0,
                            "default_single_buffer_distance": 0,
                            "use_single_buffer_point": 0,
                            "use_classify_polygon_into_classes": 0,
                            "use_classify_safety_polygon_into_classes": 0.0,
                            "use_csv_to_point_layer": 0,
                            "use_polygon_per_cell": 1,
                            "use_polyline_per_cell": 0,
                            "use_point_per_cell": 0,
                            "use_nighttime_lights": 0,
                            "use_environmental_hazards": 0,
                            "use_street_lights": 0,
                            "analysis_mode": "Do Not Use"
                        }
                    ],
                    "description": "Active Transport refers to the presence of walkable environments and cycling infrastructure, as women often rely on walking or cycling for their daily commutes and errands."
                },
                {
                    "id": "safety",
                    "name": "Safety",
                    "default_dimension_weighting": 0.142857142857143,
                    "dimension_weighting": 0.142857142857143,
                    "indicators": [
                        {
                            "indicator": "Street lights/Nigthttime lights",
                            "id": "Street_Lights",
                            "description": "",
                            "default_factor_weighting": 1.0,
                            "factor_weighting": 1.0,
                            "default_index_score": 0,
                            "index_score": 100,
                            "use_default_index_score": 1,
                            "default_multi_buffer_distances": "0,0,0",
                            "use_multi_buffer_point": 0,
                            "default_single_buffer_distance": 0,
                            "use_single_buffer_point": 0,
                            "use_classify_polygon_into_classes": 0,
                            "use_classify_safety_polygon_into_classes": 1.0,
                            "use_csv_to_point_layer": 0,
                            "use_polygon_per_cell": 0,
                            "use_polyline_per_cell": 0,
                            "use_point_per_cell": 0,
                            "use_nighttime_lights": 1,
                            "use_environmental_hazards": 0,
                            "use_street_lights": 1,
                            "analysis_mode": "Do Not Use"
                        }
                    ],
                    "description": "Safety addresses the perceived security of public spaces, evaluated through the availability of adequate lighting, which affects women\u2019s ability to move freely, seek employment, and access essential services."
                },
                {
                    "id": "fcv",
                    "name": "FCV",
                    "default_dimension_weighting": 0.142857142857143,
                    "dimension_weighting": 0.142857142857143,
                    "indicators": [
                        {
                            "indicator": "ACLED data (Violence Estimated Events)",
                            "id": "FCV",
                            "description": "",
                            "default_factor_weighting": 1.0,
                            "factor_weighting": 1.0,
                            "default_index_score": 0,
                            "index_score": 0,
                            "use_default_index_score": 0,
                            "default_multi_buffer_distances": "0,0,0",
                            "use_multi_buffer_point": 0,
                            "default_single_buffer_distance": 5000,
                            "use_single_buffer_point": 1,
                            "use_classify_polygon_into_classes": 0,
                            "use_classify_safety_polygon_into_classes": 0.0,
                            "use_csv_to_point_layer": 1,
                            "use_polygon_per_cell": 0,
                            "use_polyline_per_cell": 0,
                            "use_point_per_cell": 0,
                            "use_nighttime_lights": 0,
                            "use_environmental_hazards": 0,
                            "use_street_lights": 0,
                            "analysis_mode": "Do Not Use"
                        }
                    ],
                    "description": "Fragility, Conflict, and Violence (FCV) considers the frequency of events related to political unrest, conflict, and violence in a region, which can increase women\u2019s vulnerability and limit their access to employment and essential services."
                },
                {
                    "id": "education",
                    "name": "Education",
                    "default_dimension_weighting": 0.142857142857143,
                    "dimension_weighting": 0.142857142857143,
                    "indicators": [
                        {
                            "indicator": "percentage of the labor force comprising women with university degrees",
                            "id": "Education",
                            "description": "",
                            "default_factor_weighting": 1.0,
                            "factor_weighting": 1.0,
                            "default_index_score": 0,
                            "index_score": 100,
                            "use_default_index_score": 1,
                            "default_multi_buffer_distances": "0,0,0",
                            "use_multi_buffer_point": 0,
                            "default_single_buffer_distance": 0,
                            "use_single_buffer_point": 0,
                            "use_classify_polygon_into_classes": 1,
                            "use_classify_safety_polygon_into_classes": 0.0,
                            "use_csv_to_point_layer": 0,
                            "use_polygon_per_cell": 0,
                            "use_polyline_per_cell": 0,
                            "use_point_per_cell": 0,
                            "use_nighttime_lights": 0,
                            "use_environmental_hazards": 0,
                            "use_street_lights": 0,
                            "analysis_mode": "Do Not Use"
                        }
                    ],
                    "description": "Education refers to the proportion of women in a region who have attained higher education, particularly in the specific field of analysis, serving as an indicator of societal attitudes towards women working in that sector."
                },
                {
                    "id": "digital_inclusion",
                    "name": "Digital Inclusion",
                    "default_dimension_weighting": 0.142857142857143,
                    "dimension_weighting": 0.142857142857143,
                    "indicators": [
                        {
                            "indicator": "Individuals using the Internet (% of population)",
                            "id": "Digital_Inclusion",
                            "description": "",
                            "default_factor_weighting": 1.0,
                            "factor_weighting": 1.0,
                            "default_index_score": 0,
                            "index_score": 100,
                            "use_default_index_score": 1,
                            "default_multi_buffer_distances": "0,0,0",
                            "use_multi_buffer_point": 0,
                            "default_single_buffer_distance": 0,
                            "use_single_buffer_point": 0,
                            "use_classify_polygon_into_classes": 1,
                            "use_classify_safety_polygon_into_classes": 0.0,
                            "use_csv_to_point_layer": 0,
                            "use_polygon_per_cell": 0,
                            "use_polyline_per_cell": 0,
                            "use_point_per_cell": 0,
                            "use_nighttime_lights": 0,
                            "use_environmental_hazards": 0,
                            "use_street_lights": 0,
                            "analysis_mode": "Do Not Use"
                        }
                    ],
                    "description": "Digital Inclusion assesses the presence of digital infrastructure in a specific location, which is essential for women to pursue job opportunities, access training band education opportunities, and use financial services."
                },
                {
                    "id": "environmental_hazards",
                    "name": "Environmental Hazards",
                    "default_dimension_weighting": 0.142857142857143,
                    "dimension_weighting": 0.142857142857143,
                    "indicators": [
                        {
                            "indicator": "Fire Hazards",
                            "id": "Fire",
                            "description": "",
                            "default_factor_weighting": 0.2,
                            "factor_weighting": 0.2,
                            "default_index_score": 0,
                            "index_score": 0,
                            "use_default_index_score": 0,
                            "default_multi_buffer_distances": "0,0,0",
                            "use_multi_buffer_point": 0,
                            "default_single_buffer_distance": 0,
                            "use_single_buffer_point": 0,
                            "use_classify_polygon_into_classes": 0,
                            "use_classify_safety_polygon_into_classes": 0.0,
                            "use_csv_to_point_layer": 0,
                            "use_polygon_per_cell": 0,
                            "use_polyline_per_cell": 0,
                            "use_point_per_cell": 0,
                            "use_nighttime_lights": 0,
                            "use_environmental_hazards": 1,
                            "use_street_lights": 0,
                            "analysis_mode": "Do Not Use"
                        },
                        {
                            "indicator": "Flood Hazards",
                            "id": "Flood",
                            "description": "",
                            "default_factor_weighting": 0.2,
                            "factor_weighting": 0.2,
                            "default_index_score": 0,
                            "index_score": 0,
                            "use_default_index_score": 0,
                            "default_multi_buffer_distances": "0,0,0",
                            "use_multi_buffer_point": 0,
                            "default_single_buffer_distance": 0,
                            "use_single_buffer_point": 0,
                            "use_classify_polygon_into_classes": 0,
                            "use_classify_safety_polygon_into_classes": 0.0,
                            "use_csv_to_point_layer": 0,
                            "use_polygon_per_cell": 0,
                            "use_polyline_per_cell": 0,
                            "use_point_per_cell": 0,
                            "use_nighttime_lights": 0,
                            "use_environmental_hazards": 1,
                            "use_street_lights": 0,
                            "analysis_mode": "Do Not Use"
                        },
                        {
                            "indicator": "Landslide",
                            "id": "Landslide",
                            "description": "",
                            "default_factor_weighting": 0.2,
                            "factor_weighting": 0.2,
                            "default_index_score": 0,
                            "index_score": 0,
                            "use_default_index_score": 0,
                            "default_multi_buffer_distances": "0,0,0",
                            "use_multi_buffer_point": 0,
                            "default_single_buffer_distance": 0,
                            "use_single_buffer_point": 0,
                            "use_classify_polygon_into_classes": 0,
                            "use_classify_safety_polygon_into_classes": 0.0,
                            "use_csv_to_point_layer": 0,
                            "use_polygon_per_cell": 0,
                            "use_polyline_per_cell": 0,
                            "use_point_per_cell": 0,
                            "use_nighttime_lights": 0,
                            "use_environmental_hazards": 1,
                            "use_street_lights": 0,
                            "analysis_mode": "Do Not Use"
                        },
                        {
                            "indicator": "Tropical Cyclone",
                            "id": "Cyclone",
                            "description": "",
                            "default_factor_weighting": 0.2,
                            "factor_weighting": 0.2,
                            "default_index_score": 0,
                            "index_score": 0,
                            "use_default_index_score": 0,
                            "default_multi_buffer_distances": "0,0,0",
                            "use_multi_buffer_point": 0,
                            "default_single_buffer_distance": 0,
                            "use_single_buffer_point": 0,
                            "use_classify_polygon_into_classes": 0,
                            "use_classify_safety_polygon_into_classes": 0.0,
                            "use_csv_to_point_layer": 0,
                            "use_polygon_per_cell": 0,
                            "use_polyline_per_cell": 0,
                            "use_point_per_cell": 0,
                            "use_nighttime_lights": 0,
                            "use_environmental_hazards": 1,
                            "use_street_lights": 0,
                            "analysis_mode": "Do Not Use"
                        },
                        {
                            "indicator": "Drought",
                            "id": "Drought",
                            "description": "",
                            "default_factor_weighting": 0.2,
                            "factor_weighting": 0.2,
                            "default_index_score": 0,
                            "index_score": 0,
                            "use_default_index_score": 0,
                            "default_multi_buffer_distances": "0,0,0",
                            "use_multi_buffer_point": 0,
                            "default_single_buffer_distance": 0,
                            "use_single_buffer_point": 0,
                            "use_classify_polygon_into_classes": 0,
                            "use_classify_safety_polygon_into_classes": 0.0,
                            "use_csv_to_point_layer": 0,
                            "use_polygon_per_cell": 0,
                            "use_polyline_per_cell": 0,
                            "use_point_per_cell": 0,
                            "use_nighttime_lights": 0,
                            "use_environmental_hazards": 1,
                            "use_street_lights": 0,
                            "analysis_mode": "Do Not Use"
                        }
                    ],
                    "description": "Environmental Hazards relate to the impact of environmental risks, such as floods, droughts, landslides, fires, and extreme weather events, which can disrupt job stability, particularly for women in vulnerable sectors."
                },
                {
                    "id": "water_sanitation",
                    "name": "Water sanitation",
                    "default_dimension_weighting": 0.142857142857143,
                    "dimension_weighting": 0.142857142857143,
                    "indicators": [
                        {
                            "indicator": "Water points (OSM), catch basins, water valves and fire hydrants",
                            "id": "Water_Sanitation",
                            "description": "",
                            "default_factor_weighting": 1.0,
                            "factor_weighting": 1.0,
                            "default_index_score": 0,
                            "index_score": 0,
                            "use_default_index_score": 0,
                            "default_multi_buffer_distances": "0,0,0",
                            "use_multi_buffer_point": 0,
                            "default_single_buffer_distance": 1000,
                            "use_single_buffer_point": 1,
                            "use_classify_polygon_into_classes": 0,
                            "use_classify_safety_polygon_into_classes": 0.0,
                            "use_csv_to_point_layer": 0,
                            "use_polygon_per_cell": 0,
                            "use_polyline_per_cell": 0,
                            "use_point_per_cell": 0,
                            "use_nighttime_lights": 0,
                            "use_environmental_hazards": 0,
                            "use_street_lights": 0,
                            "analysis_mode": "Do Not Use"
                        }
                    ],
                    "description": "Water and Sanitation concerns the availability of clean water and sanitation facilities, affecting women\u2019s time allocation and capacity to engage in employment."
                }
            ]
        }
    ]
}