{
    "$schema": "http://json-schema.org/draft-07/schema#",
    "type": "object",
    "properties": {
        "dimensions": {
            "type": "array",
            "items": {
                "type": "object",
                "properties": {
                    "id": {
                        "type": "string"
                    },
                    "name": {
                        "type": "string"
                    },
                    "required": {
                        "type": "number"
                    },
                    "default_analysis_weighting": {
                        "type": "number"
                    },
                    "description": {
                        "type": "string"
                    },
                    "factors": {
                        "type": "array",
                        "items": {
                            "type": "object",
                            "properties": {
                                "id": {
                                    "type": "string"
                                },
                                "name": {
                                    "type": "string"
                                },
                                "required": {
                                    "type": "number"
                                },
                                "default_dimension_weighting": {
                                    "type": "number"
                                },
                                "indicators": {
                                    "type": "array",
                                    "items": {
                                        "type": "object",
                                        "properties": {
                                            "indicator": {
                                                "type": "string"
                                            },
                                            "id": {
                                                "type": "string"
                                            },
                                            "description": {
                                                "type": "string"
                                            },
                                            "default_factor_weighting": {
                                                "type": "number"
                                            },
                                            "default_index_score": {
                                                "type": "integer"
                                            },
                                            "index_score": {
                                                "type": "integer"
                                            },
                                            "use_default_index_score": {
                                                "type": "integer"
                                            },
                                            "default_multi_buffer_distances": {
                                                "type": "string"
                                            },
                                            "use_multi_buffer_point": {
                                                "type": "integer"
                                            },
                                            "default_single_buffer_distance": {
                                                "type": "integer"
                                            },
                                            "use_single_buffer_point": {
                                                "type": "integer"
                                            },
                                            "default_pixel": {
                                                "type": "integer"
                                            },
                                            "use_create_grid": {
                                                "type": "integer"
                                            },
                                            "use_osm_downloader": {
                                                "type": "integer"
                                            },
                                            "use_bbox_for_aoi": {
                                                "type": "integer"
                                            },
                                            "use_rasterize_layer": {
                                                "type": "integer"
                                            },
                                            "use_wbl_downloader": {
                                                "type": "integer"
                                            },
                                            "use_humdata_downloader": {
                                                "type": "integer"
                                            },
                                            "use_mapilliary_downloader": {
                                                "type": "integer"
                                            },
                                            "use_other_downloader": {
                                                "type": "integer"
                                            },
                                            "use_add_layers_manually": {
                                                "type": "integer"
                                            },
                                            "use_classify_polygon_into_classes": {
                                                "type": "integer"
                                            },
                                            "use_csv_to_point_layer": {
                                                "type": "integer"
                                            },
                                            "use_polygon_per_cell": {
                                                "type": "integer"
                                            },
                                            "use_polyline_per_cell": {
                                                "type": "integer"
                                            },
                                            "use_point_per_cell": {
                                                "type": "integer"
                                            },
                                            "use_nighttime_lights": {
                                                "type": "integer"
                                            },
                                            "use_environmental_hazards": {
                                                "type": "integer"
                                            },
                                            "analysis_mode": {
                                                "type": "string"
                                            },
                                            "indicator_required": {
                                                "type": "integer"
                                            }
                                        },
                                        "required": [
                                            "indicator",
                                            "id",
                                            "description",
                                            "default_factor_weighting",
                                            "default_index_score",
                                            "index_score",
                                            "use_default_index_score",
                                            "default_multi_buffer_distances",
                                            "use_multi_buffer_point",
                                            "default_single_buffer_distance",
                                            "use_single_buffer_point",
                                            "default_pixel",
                                            "use_create_grid",
                                            "use_osm_downloader",
                                            "use_bbox_for_aoi",
                                            "use_rasterize_layer",
                                            "use_wbl_downloader",
                                            "use_humdata_downloader",
                                            "use_mapilliary_downloader",
                                            "use_other_downloader",
                                            "use_add_layers_manually",
                                            "use_classify_polygon_into_classes",
                                            "use_csv_to_point_layer",
                                            "use_polygon_per_cell",
                                            "use_polyline_per_cell",
                                            "use_point_per_cell",
                                            "use_nighttime_lights",
                                            "use_environmental_hazards",
                                            "analysis_mode",
                                            "indicator_required"
                                        ]
                                    }
                                },
                                "description": {
                                    "type": "string"
                                }
                            },
                            "required": [
                                "id",
                                "name",
                                "required",
                                "default_dimension_weighting",
                                "indicators",
                                "description"
                            ]
                        }
                    }
                },
                "required": [
                    "id",
                    "name",
                    "required",
                    "default_analysis_weighting",
                    "description",
                    "factors"
                ]
            }
        }
    },
    "required": [
        "dimensions"
    ]
}